{"cameraMode":{"drawMode":0,"name":"Shaded","section":"Shading Mode"},"sceneLighting":true,"audioPlay":false,"sceneViewState":{"showFog":true,"showMaterialUpdate":false,"showSkybox":true,"showFlares":true,"showImageEffects":true,"showParticleSystems":true},"in2DMode":false,"pivot":{"x":-2.703456401824951,"y":1.2918038368225098,"z":-0.09401632845401764},"rotation":{"x":-0.029835853725671769,"y":0.9678264856338501,"z":-0.13916215300559998,"w":-0.20749865472316743},"size":14.012272834777832,"orthographic":false}